fiscal_year,revenue,operating_income,net_income,total_assets,total_equity,total_liabilities,operating_cash_flow,company
2020,523964000000,20568000000,14881000000,236495000000,81552000000,154943000000,25255000000,Walmart
2021,559151000000,22548000000,13510000000,252496000000,87531000000,164965000000,36074000000,Walmart
2022,572754000000,25942000000,13673000000,244860000000,91891000000,152969000000,24181000000,Walmart
2023,611289000000,20428000000,11680000000,243197000000,83754000000,159443000000,28841000000,Walmart
2024,648125000000,27012000000,15511000000,252399000000,90349000000,162050000000,35726000000,Walmart
2025,680985000000,29348000000,19436000000,260823000000,97421000000,163402000000,36443000000,Walmart
2020,43185000000,3114000000,2140000000,34741000000,15597000000,19144000000,3874000000,Tyson
2021,47049000000,4396000000,3047000000,36309000000,17854000000,18455000000,3840000000,Tyson
2022,53282000000,4410000000,3238000000,36821000000,19811000000,17010000000,2687000000,Tyson
2023,52881000000,-395000000,-648000000,36251000000,18255000000,17996000000,1752000000,Tyson
2024,53309000000,1409000000,800000000,37100000000,18514000000,18586000000,2590000000,Tyson
2025,54441000000,1098000000,474000000,36658000000,18227000000,18431000000,2155000000,Tyson
2020,9636573000,713119000,506035000,5928348000,2600138000,3328210000,1122859000,J.B. Hunt
2021,12168302000,1045530000,760806000,6794348000,3117816000,3676532000,1223898000,J.B. Hunt
2022,14813999000,1331553000,969351000,7786582000,3666768000,4119814000,1776882000,J.B. Hunt
2023,12829665000,993196000,728287000,8538260000,4103758000,4434502000,1744618000,J.B. Hunt
2024,12087204000,831225000,570886000,8312270000,4014505000,4297765000,1483156000,J.B. Hunt
2025,11999096000,865069000,598282000,7927155000,3565085000,4362070000,1678272000,J.B. Hunt
